price,area,bhk,bathroom
3749000.0,872,2,1.0
9354000.0,1346,3,2.0
15100000.0,2225,3,1.0
4900000.0,1028,2,2.0
4228000.0,588,2,1.0
18800000.0,2221,3,3.0
3800000.0,885,3,1.0
7298999.999999999,936,3,1.0
12500000.0,2275,4,1.0
2456000.0,622,2,1.0
6787000.0,1305,3,1.0
24000000.0,1500,3,3.0
40700000.0,2200,3,1.0
5146000.0,919,2,1.0
6947000.0,965,2,1.0
11300000.0,2343,4,4.0
1800000.0,353,1,1.0
22400000.0,1450,3,1.0
10000000.0,1833,3,1.0
4599000.0,920,2,1.0
7375000.0,1405,3,1.0
45500000.0,2601,4,1.0
39100000.0,2475,4,1.0
8073000.0,1242,2,1.0
3196000.0,969,2,1.0
8130000.0,937,2,1.0
7205000.0,1310,3,1.0
9136000.0,1340,3,1.0
5076000.0,1045,2,2.0
6275000.0,1004,2,1.0
5750000.0,920,2,1.0
5022000.0,1005,2,1.0
2236000.0,713,2,1.0
1980000.0,900,2,1.0
8413000.0,1325,2,1.0
5843000.0,1113,2,1.0
33000000.0,3670,3,1.0
8031999.999999999,1208,2,1.0
29000000.0,1600,3,1.0
4002000.0000000005,870,2,1.0
4207000.0,1275,3,1.0
4861000.0,884,2,1.0
4912000.0,1092,2,1.0
4228000.0,588,2,1.0
5021000.0,1152,2,3.0
4075000.0,910,2,1.0
26100000.0,1548,3,1.0
4704000.0,920,2,2.0
4579000.0,669,2,1.0
3377000.0000000005,866,2,1.0
6569000.0,1381,3,1.0
11800000.0,1740,3,1.0
5031000.0,1450,3,1.0
7870999.999999999,1212,2,1.0
2962000.0,528,2,1.0
8827000.0,1605,3,1.0
4344000.0,932,2,2.0
3304999.9999999995,1002,2,1.0
2956000.0,768,2,1.0
8839000.0,1637,3,1.0
65800000.0,6103,4,1.0
3322999.9999999995,773,2,1.0
8479000.0,1220,3,3.0
13400000.0,1974,3,1.0
6700000.0,1195,3,1.0
7108000.0,1021,2,1.0
18800000.0,2221,3,3.0
3100000.0,730,2,1.0
8303000.0,1101,3,1.0
14600000.0,2669,4,1.0
2014000.0,510,1,1.0
7620000.0,1480,3,1.0
24000000.0,1500,3,1.0
5146000.0,919,2,1.0
6644000.0,923,2,2.0
11200000.0,2323,4,1.0
2900000.0,544,1,1.0
15800000.0,1025,2,1.0
10800000.0,1972,3,1.0
4599000.0,920,2,1.0
7398999.999999999,1410,3,1.0
64400000.0,3681,4,4.0
59300000.0,3750,5,1.0
8970000.0,1380,3,1.0
3975000.0,1205,3,2.0
8170000.0,942,2,1.0
5164000.0,939,2,1.0
6434000.0,945,2,1.0
3740000.0,770,2,1.0
6275000.0,1004,2,1.0
8937000.0,1430,3,1.0
6481999.999999999,1297,3,1.0
2088000.0,663,2,1.0
1980000.0,900,2,1.0
8413000.0,1325,2,1.0
5496000.0,1047,2,1.0
44000000.0,4896,4,1.0
9632000.0,1481,3,1.0
24200000.0,1565,3,1.0
4853000.0,1055,2,1.0
7992000.0,1150,2,2.0
7165000.000000001,1031,2,2.0
5848000.0,951,2,1.0
6481999.999999999,1054,2,1.0
8487000.0,1380,3,1.0
7281000.0,1184,2,1.0
7675000.0,1248,2,1.0
5965000.0,970,2,1.0
8819000.0,1434,3,1.0
2227000.0,518,1,1.0
4291000.0,998,2,1.0
5021000.0,844,2,1.0
5539000.0,931,2,1.0
7128000.0,1004,2,1.0
7242000.0,1020,2,1.0
9400000.0,1324,3,1.0
8690000.0,1224,3,1.0
7781000.0,1096,2,1.0
9478000.0,1335,3,1.0
7348000.0,1035,2,1.0
11400000.0,1572,3,1.0
11900000.0,1643,3,1.0
11800000.0,1625,3,1.0
15900000.0,2295,4,1.0
10100000.0,1760,3,1.0
17500000.0,2544,4,1.0
11500000.0,1630,3,3.0
12100000.0,1671,3,1.0
12200000.0,1735,3,1.0
15200000.0,2183,4,1.0
16000000.0,2242,4,1.0
13400000.0,1852,3,1.0
12900000.0,1797,3,1.0
16500000.0,2433,4,1.0
16900000.0,2495,4,1.0
32700000.0,4450,5,1.0
13300000.0,1962,3,1.0
6417000.0,1310,3,1.0
7647000.0,1561,3,1.0
8170999.999999999,1668,3,1.0
5158000.0,1053,2,1.0
4859000.0,992,2,1.0
6334000.0,1293,3,1.0
7647000.0,1561,3,1.0
6383000.0,1303,3,1.0
5741000.0,1172,2,1.0
4874000.0,995,2,1.0
6231000.0,1272,3,1.0
8200000.0,1674,3,1.0
6270000.0,1280,3,2.0
7456000.0,1522,3,1.0
9451000.0,1400,3,2.0
6417000.0,1310,3,1.0
6966000.0,1422,3,1.0
4869000.0,994,2,1.0
7381999.999999999,1085,2,1.0
4009000.0000000005,853,2,1.0
3849000.0,819,2,1.0
3877000.0000000005,825,2,1.0
3872000.0,824,2,1.0
6966000.0,1422,3,1.0
4869000.0,994,2,1.0
4859000.0,992,2,1.0
6334000.0,1293,3,1.0
6383000.0,1303,3,1.0
5741000.0,1172,2,1.0
4874000.0,995,2,1.0
6231000.0,1272,3,1.0
6270000.0,1280,3,2.0
6300000.0,1286,3,1.0
4943000.0,1009,2,1.0
8037000.0,1576,3,1.0
7889000.0,1547,3,1.0
8068000.000000001,1582,3,1.0
7089000.0,1390,3,1.0
7415000.000000001,1454,3,1.0
7094000.0,1391,3,1.0
7966000.0,1562,3,1.0
18800000.0,2221,3,3.0
18800000.0,2221,3,3.0
3600000.0,849,2,1.0
5700000.0,1240,2,1.0
11000000.0,2320,4,1.0
6260000.0,1360,3,2.0
9029000.0,1962,3,3.0
13800000.0,2211,4,2.0
9757000.0,1668,3,1.0
8599000.0,1470,3,2.0
8386000.0,1342,2,1.0
12100000.0,1947,3,1.0
6148000.0,1051,2,2.0
11500000.0,1849,3,1.0
13900000.0,2228,4,1.0
8517000.0,1363,2,1.0
7002000.0,1197,2,2.0
4730000.0,1113,2,1.0
6953000.0,1636,3,1.0
5138000.0,1209,2,2.0
6855000.0,1613,3,1.0
5750000.0,1353,3,2.0
7038000.0,1656,3,3.0
6502000.0,1530,3,3.0
5933000.0,1396,3,2.0
6511000.0,1532,3,1.0
8740000.0,1469,3,1.0
8156999.999999999,1371,3,1.0
3534000.0000000005,594,2,1.0
8829000.0,1484,3,1.0
3515999.9999999995,591,2,1.0
3558000.0,598,2,1.0
3575000.0,601,2,1.0
11700000.0,2132,4,1.0
11200000.0,2042,3,1.0
14800000.0,2701,3,1.0
8365000.000000001,1521,3,1.0
10800000.0,1978,4,1.0
7815000.000000001,1421,3,1.0
7998000.0,1740,3,1.0
7998000.0,1740,3,1.0
9448000.0,2055,4,1.0
9448000.0,2055,4,1.0
6869000.0,1494,3,2.0
6869000.0,1494,3,2.0
2425000.0,614,2,1.0
2441000.0,618,2,1.0
1989999.9999999998,504,1,1.0
5307000.0,1005,2,1.0
5664000.0,1069,2,1.0
3770000.0000000005,903,2,1.0
4400000.0,1054,2,1.0
4053000.0,971,2,1.0
5101000.0,1222,3,1.0
3319000.0,795,2,1.0
4826000.0,1156,2,1.0
3611000.0,865,2,1.0
3740000.0,896,2,1.0
3978000.0,953,2,1.0
3281000.0,786,2,1.0
4776000.0,1144,3,1.0
3690000.0,884,2,1.0
3577000.0000000005,857,2,1.0
3294000.0,789,2,1.0
3272999.9999999995,784,2,1.0
3269000.0,783,2,1.0
4726000.0,1132,3,1.0
3394000.0,813,2,1.0
10700000.0,1948,3,1.0
11600000.0,2122,3,1.0
11700000.0,2134,3,1.0
9498000.0,1727,3,1.0
13800000.0,2526,3,1.0
9493000.0,1726,3,1.0
9350000.0,1700,3,1.0
10900000.0,1994,3,1.0
24000000.0,1500,3,1.0
24000000.0,1500,3,1.0
24000000.0,1500,3,1.0
6698999.999999999,1155,3,1.0
4988000.0,860,2,1.0
4611000.0,795,2,1.0
4888000.0,873,2,1.0
7448000.0,1330,3,1.0
7448000.0,1330,3,1.0
6339000.0,1132,3,1.0
6339000.0,1132,3,1.0
7284999.999999999,1301,3,1.0
7284999.999999999,1301,3,1.0
6698999.999999999,1155,3,1.0
4611000.0,795,2,1.0
4988000.0,860,2,1.0
6698999.999999999,1155,3,1.0
4611000.0,795,2,1.0
6698999.999999999,1155,3,1.0
4988000.0,860,2,1.0
4611000.0,795,2,1.0
6762000.0,1166,3,1.0
4988000.0,860,2,1.0
6762000.0,1166,3,1.0
6055000.0,1044,3,1.0
6055000.0,1044,3,1.0
4228000.0,729,2,1.0
6055000.0,1044,3,1.0
4228000.0,729,2,1.0
4228000.0,729,2,1.0
7702000.0,1328,3,1.0
7702000.0,1328,3,1.0
5759000.0,993,3,1.0
5759000.0,993,3,1.0
6188000.0,1067,3,1.0
6188000.0,1067,3,1.0
4727000.0,815,2,1.0
4727000.0,815,2,1.0
9265000.0,1287,3,1.0
7809999.999999999,1085,3,3.0
7393000.000000001,1027,2,1.0
6990000.000000001,971,2,1.0
6954000.000000001,966,2,1.0
7105000.0,1579,3,3.0
11500000.0,2388,4,1.0
7101000.000000001,1578,3,1.0
6237000.0,1386,3,1.0
7051000.000000001,1567,3,1.0
2800000.0,561,2,1.0
1600000.0,319,1,1.0
3000000.0,576,2,1.0
1536000.0,300,1,1.0
4784000.0,957,2,1.0
4784000.0,957,2,1.0
4599000.0,920,2,1.0
4599000.0,920,2,1.0
4784000.0,957,2,1.0
4784000.0,957,2,1.0
4559000.0,912,2,1.0
4559000.0,912,2,1.0
4879000.0,976,2,1.0
4879000.0,976,2,1.0
4624000.0,925,2,1.0
4624000.0,925,2,1.0
4864000.0,885,2,1.0
7423000.0,1415,3,1.0
4888000.0,890,2,1.0
4743000.0,860,2,1.0
4695000.0,850,2,1.0
4767000.0,865,2,1.0
7351000.000000001,1400,3,1.0
13800000.0,2525,4,1.0
7506999.999999999,1365,2,1.0
6886000.0,1252,2,1.0
10100000.0,1847,3,1.0
7458000.0,1356,2,1.0
13200000.0,2418,3,1.0
6440000.000000001,1171,2,1.0
10900000.0,1998,3,1.0
7711000.0,1402,2,1.0
8019000.0,1458,2,1.0
7067000.0,1285,2,1.0
14100000.0,2580,4,1.0
9091000.0,1653,3,1.0
12900000.0,2357,3,1.0
9130000.0,1660,3,1.0
8079000.000000001,1469,2,1.0
6952000.0,1264,2,1.0
6589000.0,1198,2,1.0
6425000.0,1737,3,1.0
6066000.0,1640,3,1.0
5722000.0,1547,3,1.0
5859000.0,1584,3,1.0
5500000.0,1487,3,1.0
5885000.0,1591,3,1.0
29800000.0,1890,3,1.0
12100000.0,2583,4,2.0
29200000.0,5037,5,1.0
12300000.0,2635,4,4.0
29500000.0,5093,5,1.0
8599000.0,1865,3,3.0
8500000.0,1635,3,1.0
6498999.999999999,1274,2,2.0
13500000.0,2323,4,1.0
9950000.0,1914,3,3.0
6530000.0,1280,2,1.0
6770000.0,1328,2,2.0
13800000.0,2372,4,1.0
7789000.0,1528,3,2.0
7879000.000000001,1530,3,1.0
8230000.0,1599,3,1.0
6550000.0,1472,3,1.0
9523000.0,2140,4,1.0
3715000.0,835,2,1.0
5847000.0,1314,3,1.0
7925000.0,1781,3,1.0
7973999.999999999,1792,3,1.0
7400000.0,1605,3,1.0
7916000.0,1616,3,2.0
7500000.0,1626,3,1.0
12200000.0,1882,3,1.0
7948999.999999999,1223,2,1.0
8424000.0,1296,2,1.0
9561000.0,1471,3,1.0
11700000.0,1807,3,1.0
9600000.0,1477,3,1.0
12100000.0,1871,3,1.0
7930000.0,1220,2,1.0
12600000.0,1947,3,1.0
9210000.0,1417,3,1.0
7884000.0,1213,2,1.0
7761000.0,1194,2,1.0
12400000.0,1922,3,1.0
8156999.999999999,1255,2,1.0
8248000.0,1269,2,1.0
12500000.0,1925,3,1.0
9932000.0,1528,3,1.0
9074000.0,1396,3,2.0
9100000.0,1400,3,1.0
3261999.9999999995,989,2,2.0
3331000.0,1010,2,1.0
3833000.0,1162,3,1.0
4592000.0,1392,3,1.0
2104000.0,638,1,1.0
2068000.0,627,1,1.0
5956000.0,1083,2,1.0
5159000.0,938,2,1.0
5362000.0,975,2,1.0
8745000.0,1590,3,1.0
5357000.0,974,2,1.0
8772000.0,1595,3,1.0
5582000.0,1015,2,1.0
8068000.000000001,1467,3,1.0
19100000.0,1235,3,1.0
5712000.0,985,2,1.0
5741000.0,990,2,1.0
6291000.0,1085,2,1.0
5625000.0,970,2,1.0
5683000.0,980,2,1.0
3099000.0,638,2,1.0
5922000.0,1245,3,1.0
4347000.0,895,2,1.0
6155000.0,1294,3,1.0
5832000.0,1226,3,1.0
4979000.0,1025,2,1.0
4683000.0,964,2,1.0
5884000.0,1237,3,1.0
6992000.0,1470,3,3.0
4464000.0,919,2,2.0
6388000.0,1343,3,1.0
6074000.0,1277,3,1.0
4459000.0,918,2,1.0
4590000.0,945,2,1.0
3138000.0,646,2,1.0
5998000.0,1261,3,3.0
6322000.0,1329,3,3.0
5698000.0,1198,3,3.0
4765000.0,981,2,1.0
8488000.0,1307,3,1.0
3377000.0000000005,538,1,1.0
8534000.0,1314,3,1.0
6670000.0,1027,2,1.0
8820000.0,1358,3,1.0
6650000.0,1024,2,1.0
17400000.0,2686,4,1.0
10100000.0,1561,3,1.0
8417000.0,1296,3,1.0
10100000.0,1566,3,1.0
11800000.0,1829,3,1.0
10100000.0,1564,3,1.0
8755000.0,1348,3,1.0
12600000.0,1944,3,1.0
17100000.0,2640,4,1.0
3446000.0,549,1,1.0
17000000.0,2630,4,1.0
16900000.0,2616,4,1.0
10300000.0,1599,3,1.0
8009000.0,1045,2,1.0
4719000.0,640,1,1.0
8220999.999999999,1075,2,1.0
6909999.999999999,890,2,1.0
8505000.0,1115,2,1.0
7442000.0,965,2,1.0
11500000.0,1290,3,1.0
9120000.0,1010,2,1.0
7690000.000000001,1000,2,1.0
11400000.0,1275,3,1.0
11800000.0,1315,3,1.0
12000000.0,1320,3,1.0
11500000.0,1290,3,1.0
9120000.0,1010,2,1.0
6318000.0,1011,2,1.0
6318000.0,1011,2,1.0
5481000.0,877,2,1.0
5481000.0,877,2,1.0
6275000.0,1004,2,1.0
6318000.0,1011,2,1.0
6275000.0,1004,2,1.0
5481000.0,877,2,1.0
6318000.0,1011,2,1.0
5787000.0,926,2,1.0
5481000.0,877,2,1.0
5787000.0,926,2,1.0
11500000.0,1385,3,1.0
11000000.0,1320,3,1.0
8873000.0,1050,2,1.0
8287000.0,975,2,1.0
4707000.0,585,1,1.0
8678000.0,1025,2,1.0
12400000.0,1500,3,1.0
1283000.0,391,1,1.0
2100000.0,667,2,1.0
2097000.0,666,2,1.0
2077000.0,659,2,1.0
1289000.0,394,1,1.0
2219000.0,707,2,1.0
2121000.0,674,2,1.0
8413000.0,1325,2,1.0
8413000.0,1325,2,1.0
7334000.0,1155,2,1.0
7334000.0,1155,2,1.0
7320999.999999999,1153,2,1.0
7320999.999999999,1153,2,1.0
9842000.0,1550,3,3.0
9842000.0,1550,3,3.0
8369000.0,1318,2,1.0
8369000.0,1318,2,1.0
7345999.999999999,1157,2,1.0
7345999.999999999,1157,2,1.0
7340000.000000001,1156,2,1.0
7340000.000000001,1156,2,1.0
9906000.0,1560,3,1.0
9906000.0,1560,3,1.0
8496000.0,1338,2,1.0
8496000.0,1338,2,1.0
5843000.0,1113,2,1.0
5481000.0,1044,2,1.0
5496000.0,1047,2,1.0
5843000.0,1113,2,1.0
5481000.0,1044,2,1.0
5496000.0,1047,2,1.0
5481000.0,1044,2,1.0
5076000.0,967,2,1.0
5076000.0,967,2,1.0
5890000.0,1122,2,1.0
5890000.0,1122,2,1.0
5701000.0,1086,2,1.0
5701000.0,1086,2,1.0
7263000.0,1089,2,1.0
7425000.0,1114,2,2.0
9256000.0,1420,3,1.0
9694000.0,1491,3,1.0
9347000.0,1435,3,1.0
8528000.0,1303,3,1.0
3300000.0,601,1,1.0
6681999.999999999,1310,3,1.0
6408000.0,1250,3,1.0
5414000.0,1050,2,1.0
6933000.0,1365,3,1.0
3949000.0,800,2,1.0
5345000.0,1035,2,1.0
2972000.0,625,1,1.0
7139000.0,1410,3,1.0
3128000.0,660,1,1.0
5574000.0,1085,2,1.0
6545000.0,1280,2,1.0
2927000.0,615,1,1.0
5459000.0,1060,2,1.0
5254000.0,1015,2,1.0
3061000.0,645,1,1.0
5482000.0,1065,2,1.0
22100000.0,1250,3,1.0
4738000.0,1030,2,1.0
4715000.0,1025,2,1.0
4255000.0,925,2,1.0
4439000.0,965,2,1.0
5060000.0,1100,2,1.0
4278000.0,930,2,1.0
4554000.0,990,2,1.0
5579000.0,1213,3,1.0
4991000.0,1085,2,1.0
4692000.0,1020,2,1.0
4899000.0,1065,2,1.0
3329000.0,1009,2,1.0
3950000.0,1197,3,1.0
3342000.0,1013,2,1.0
7220000.0,1313,2,1.0
4905000.0,892,2,1.0
6477000.0,1178,2,1.0
3229999.9999999995,718,2,1.0
3860000.0,858,2,1.0
3342000.0,743,2,1.0
3896000.0,866,2,1.0
4228000.0,588,2,1.0
7381999.999999999,1085,2,1.0
7381999.999999999,1085,2,1.0
4228000.0,588,2,1.0
4228000.0,588,2,1.0
7381999.999999999,1085,2,1.0
7381999.999999999,1085,2,1.0
7108000.0,1021,2,1.0
7108000.0,1021,2,1.0
10800000.0,1564,3,1.0
10800000.0,1564,3,1.0
9451000.0,1400,3,2.0
9451000.0,1400,3,2.0
5124000.0,1046,2,1.0
5124000.0,1046,2,1.0
7686000.0,1569,3,1.0
7686000.0,1569,3,1.0
5124000.0,1046,2,1.0
5124000.0,1046,2,1.0
7686000.0,1569,3,1.0
7686000.0,1569,3,1.0
6417000.0,1310,3,1.0
6417000.0,1310,3,1.0
5173000.0,1056,2,1.0
5173000.0,1056,2,1.0
5158000.0,1053,2,1.0
5158000.0,1053,2,1.0
6966000.0,1422,3,1.0
6966000.0,1422,3,1.0
4869000.0,994,2,1.0
4869000.0,994,2,1.0
4859000.0,992,2,1.0
4859000.0,992,2,1.0
6334000.0,1293,3,1.0
6334000.0,1293,3,1.0
7647000.0,1561,3,1.0
7647000.0,1561,3,1.0
6383000.0,1303,3,1.0
6383000.0,1303,3,1.0
5741000.0,1172,2,1.0
5741000.0,1172,2,1.0
4874000.0,995,2,1.0
4874000.0,995,2,1.0
8170999.999999999,1668,3,1.0
8170999.999999999,1668,3,1.0
7201000.000000001,1470,3,1.0
7201000.000000001,1470,3,1.0
6231000.0,1272,3,1.0
6231000.0,1272,3,1.0
8200000.0,1674,3,1.0
8200000.0,1674,3,1.0
7554000.000000001,1542,3,1.0
7554000.000000001,1542,3,1.0
6270000.0,1280,3,2.0
6270000.0,1280,3,2.0
6300000.0,1286,3,1.0
6300000.0,1286,3,1.0
7456000.0,1522,3,1.0
7456000.0,1522,3,1.0
4943000.0,1009,2,1.0
4943000.0,1009,2,1.0
6731999.999999999,1030,2,1.0
6731999.999999999,1030,2,1.0
7970999.999999999,1226,3,1.0
7970999.999999999,1226,3,1.0
6731999.999999999,1030,2,1.0
6731999.999999999,1030,2,1.0
7970999.999999999,1226,3,1.0
7970999.999999999,1226,3,1.0
5021000.0,1152,2,3.0
5008000.0,1149,2,1.0
5008000.0,1149,2,1.0
4999000.0,1147,2,1.0
4999000.0,1147,2,1.0
5933000.0,1361,2,1.0
5933000.0,1361,2,1.0
5646000.0,1295,2,1.0
5646000.0,1295,2,1.0
5496000.0,1261,2,1.0
5496000.0,1261,2,1.0
5916000.0,1357,2,1.0
5916000.0,1357,2,1.0
5524000.0,1267,2,1.0
5524000.0,1267,2,1.0
5514000.0,1265,2,3.0
5514000.0,1265,2,3.0
5505000.0,1263,2,1.0
5505000.0,1263,2,1.0
6580000.0,1535,3,1.0
3975000.0,885,2,1.0
7040000.000000001,1650,3,1.0
5698000.0,1315,2,1.0
4768000.0,1080,2,1.0
27800000.0,1652,3,1.0
27400000.0,1627,3,1.0
6209000.0,910,2,1.0
8525000.0,1270,3,1.0
5144000.0,973,2,2.0
5452000.0,806,2,1.0
4977000.0,734,2,1.0
5940000.0,882,2,1.0
8727000.0,1106,3,1.0
10500000.0,1360,4,1.0
7168000.000000001,893,2,1.0
7044000.0,876,2,1.0
6597000.0,1115,2,1.0
5917000.0,992,2,1.0
5734000.0,958,2,1.0
5864000.0,982,2,1.0
5869000.0,981,2,1.0
3861000.0,990,3,1.0
3545000.0000000005,909,3,1.0
3552000.0000000005,911,3,1.0
2515000.0,645,2,1.0
3549000.0,910,3,2.0
2492000.0,639,2,1.0
3513000.0000000005,901,2,1.0
2484000.0,637,2,1.0
3786000.0,971,3,2.0
2765000.0,709,2,1.0
2503000.0,642,2,1.0
3533000.0,906,3,1.0
2457000.0,630,2,1.0
2453000.0,629,2,1.0
2449000.0,628,2,1.0
3494000.0,896,3,1.0
3763000.0000000005,965,3,1.0
2468000.0,633,2,1.0
2425000.0,622,2,1.0
2441000.0,626,2,1.0
3420000.0000000005,877,2,1.0
2402000.0,616,2,1.0
3432000.0,880,2,1.0
3428000.0,879,2,1.0
13100000.0,1556,2,1.0
25100000.0,2550,3,1.0
22600000.0,2288,3,1.0
30600000.0,3096,4,1.0
22300000.0,2256,3,1.0
17200000.0,2030,3,1.0
19200000.0,2269,3,1.0
12400000.0,1477,2,1.0
14700000.0,1734,3,1.0
11300000.0,1343,2,1.0
16900000.0,2004,3,1.0
32100000.0,3252,4,1.0
18700000.0,2223,3,1.0
19000000.0,2242,3,1.0
19000000.0,2238,3,1.0
16900000.0,1989,3,1.0
14700000.0,1723,3,1.0
14600000.0,1730,3,1.0
15600000.0,1836,3,1.0
11100000.0,1311,2,1.0
13100000.0,1561,2,1.0
24000000.0,2429,3,1.0
11000000.0,1317,2,1.0
11100000.0,1313,2,1.0
18200000.0,1636,3,1.0
17800000.0,2113,3,1.0
13200000.0,1176,2,1.0
13400000.0,1583,2,1.0
13100000.0,1174,2,1.0
13300000.0,1577,2,1.0
20400000.0,1838,3,1.0
13200000.0,1180,2,1.0
13300000.0,1580,2,1.0
25500000.0,2307,4,1.0
20100000.0,1816,3,1.0
23600000.0,2398,3,1.0
25400000.0,2301,4,1.0
31600000.0,3210,4,1.0
18100000.0,1624,3,1.0
16300000.0,1941,3,1.0
13700000.0,1225,2,1.0
13000000.0,1159,2,1.0
17800000.0,2111,3,1.0
25300000.0,2285,4,1.0
17800000.0,2109,3,1.0
20300000.0,1831,3,1.0
16500000.0,1944,3,1.0
13800000.0,1232,2,1.0
25200000.0,2280,4,1.0
11800000.0,1394,2,1.0
17800000.0,1604,3,1.0
13600000.0,1211,2,1.0
11700000.0,1392,2,1.0
20100000.0,1811,3,1.0
17400000.0,2060,3,1.0
12900000.0,1154,2,1.0
17500000.0,2063,3,1.0
18000000.0,1617,3,1.0
18000000.0,1615,3,1.0
11800000.0,1398,2,1.0
13500000.0,1204,2,1.0
17500000.0,2073,3,1.0
17800000.0,1597,3,1.0
6564000.0,1380,3,1.0
5347000.0,1117,2,1.0
2322000.0,540,1,1.0
4699000.0,1093,2,1.0
2519000.0,586,1,1.0
4575000.0,1064,2,1.0
2506000.0,583,1,1.0
2502000.0,582,1,1.0
4553000.0,1059,2,1.0
6838000.0,1439,3,1.0
6847000.0,1441,3,1.0
4472000.0,1040,2,1.0
6875000.0,1447,3,1.0
6763000.0,1423,3,1.0
6777000.0,1426,3,1.0
6681000.0,1405,3,1.0
5472000.0,1144,2,1.0
5463000.0,1142,2,1.0
5519000.0,1154,2,1.0
4394000.0,1022,2,1.0
6609999.999999999,1390,3,1.0
5409000.0,1130,2,1.0
2365000.0,550,1,1.0
6630000.0,1394,3,1.0
2347000.0,546,1,1.0
6634999.999999999,1395,3,1.0
2326000.0,541,1,1.0
2339000.0,544,1,1.0
11100000.0,1645,3,1.0
12100000.0,1790,3,2.0
11900000.0,1760,3,1.0
11500000.0,1700,3,3.0
11700000.0,1730,3,1.0
7972000.0,1000,2,1.0
7504000.000000001,972,2,1.0
5735000.0,730,2,1.0
6327000.0,811,2,1.0
9327000.0,1171,2,1.0
5882000.0,750,2,1.0
3574000.0,1030,2,1.0
3071000.0,893,2,1.0
2810000.0,810,2,1.0
5403000.0,837,2,1.0
5439000.0,861,2,1.0
4944000.0,777,2,1.0
5242000.0,783,2,1.0
5457000.0,864,2,1.0
10600000.0,1405,3,1.0
5844000.0,919,2,1.0
8417000.0,1094,2,1.0
8940000.0,1414,3,1.0
7064000.0,909,2,1.0
6241000.0,988,2,1.0
13100000.0,1689,3,1.0
6183000.0,978,2,1.0
12900000.0,1656,3,1.0
8059999.999999999,1261,3,1.0
7664000.0,991,2,1.0
51700000.0,2348,3,1.0
54500000.0,2476,3,1.0
61200000.0,2781,4,1.0
59700000.0,2713,4,1.0
40100000.0,4729,4,1.0
39200000.0,4623,4,1.0
48200000.0,5677,5,1.0
20000000.0,3700,3,1.0
6459000.0,1244,3,3.0
5908000.0,1143,3,3.0
6459000.0,1244,3,3.0
6459000.0,1244,3,3.0
5908000.0,1143,3,3.0
5908000.0,1143,3,3.0
7009000.0,1249,3,1.0
7009000.0,1249,3,1.0
5941000.0,1150,3,3.0
5941000.0,1150,3,3.0
6402000.0,1246,3,3.0
6402000.0,1246,3,3.0
7067000.0,1155,3,3.0
7067000.0,1155,3,3.0
5877000.0,1124,3,3.0
5877000.0,1124,3,3.0
8047000.0,1239,3,1.0
6209000.0,956,2,1.0
8131000.0,1252,3,1.0
8105000.0,1248,2,1.0
6137000.0,945,2,1.0
7098999.999999999,1093,2,1.0
6118000.0,942,2,1.0
7943000.000000001,1223,2,1.0
8417000.0,1296,3,1.0
27900000.0,1571,3,1.0
22100000.0,1245,2,1.0
22000000.0,1238,2,1.0
34800000.0,1976,3,1.0
32500000.0,1842,3,1.0
34800000.0,1979,3,1.0
23300000.0,1313,2,1.0
34200000.0,1951,3,1.0
21800000.0,1225,2,1.0
33400000.0,1894,3,1.0
21900000.0,1233,2,1.0
47600000.0,2737,4,1.0
47500000.0,2729,4,1.0
33200000.0,1877,3,1.0
33100000.0,1874,3,1.0
27100000.0,1521,3,1.0
48100000.0,2765,4,1.0
57000000.0,3289,4,1.0
48000000.0,2758,4,1.0
35000000.0,1987,3,1.0
4821000.0,928,2,1.0
4059000.0000000005,743,2,1.0
2299000.0,430,1,1.0
4503000.0,830,2,1.0
3532000.0,652,2,1.0
3532000.0,652,2,1.0
6605000.0,1216,3,1.0
6605000.0,1216,3,1.0
4230000.0,791,2,1.0
4230000.0,791,2,1.0
3919000.0,729,2,1.0
3919000.0,729,2,1.0
5354000.0,976,2,1.0
5354000.0,976,2,1.0
4572000.0,859,2,1.0
4572000.0,859,2,1.0
2843000.0,546,1,1.0
2843000.0,546,1,1.0
4341000.0,813,2,1.0
4341000.0,813,2,1.0
5381000.0,1145,3,1.0
2312000.0,492,1,1.0
4723000.0,1005,2,1.0
3947999.9999999995,840,2,1.0
3863000.0000000005,822,2,1.0
5236000.0,952,2,1.0
3949000.0,718,2,1.0
3586000.0,652,2,1.0
6709999.999999999,1220,3,1.0
4400000.0,800,2,1.0
4004999.9999999995,890,2,1.0
3825000.0,850,2,1.0
5602000.0,1050,2,1.0
4684000.0,905,2,1.0
5597000.0,1049,2,1.0
4463000.0,860,2,1.0
4537000.0,875,2,1.0
6214000.0,1170,3,1.0
55000000.0,5879,5,1.0
55000000.0,5765,5,1.0
7000000.0,1112,2,1.0
8900000.0,1414,3,3.0
6900000.0,1092,2,1.0
8500000.0,1358,3,1.0
5929000.0,1078,2,1.0
5918000.0,1076,2,1.0
8651000.0,1573,3,1.0
8288000.0,1507,3,1.0
8673000.0,1577,3,1.0
5973000.0,1086,2,1.0
5786000.0,1052,2,1.0
8734000.0,1588,3,1.0
6259000.0,1138,2,1.0
6402000.0,1164,2,1.0
4084000.0000000005,1238,3,1.0
4100000.0,1243,2,1.0
4094000.0,1241,2,1.0
3299000.0,1000,2,1.0
2296000.0,696,1,1.0
3697999.9999999995,1121,2,1.0
2088000.0,633,1,1.0
4127000.0000000005,1251,3,1.0
3675000.0,1114,2,1.0
4031000.0,1222,3,2.0
3609000.0000000005,1094,2,1.0
4489000.0,1361,3,3.0
3289000.0,997,2,1.0
3252000.0000000005,986,2,1.0
3021000.0,916,2,1.0
2675000.0,811,1,1.0
4463000.0,1353,3,1.0
3226000.0,978,2,1.0
4377000.0,1327,3,1.0
3215999.9999999995,975,2,1.0
2579000.0,782,1,1.0
3239000.0,982,2,1.0
3233000.0,980,2,1.0
2569000.0,779,1,1.0
3440000.0,1043,2,1.0
3472999.9999999995,1053,2,1.0
3203000.0,971,2,1.0
3183000.0,965,2,1.0
2665000.0,808,1,1.0
3137000.0,951,2,1.0
2919000.0,885,2,1.0
2484000.0,753,1,1.0
4222000.0,1280,3,1.0
3331000.0,1010,2,1.0
3114000.0,944,2,1.0
2675000.0,811,2,1.0
3328000.0,1009,2,1.0
3107000.0,942,2,1.0
3708000.0,1124,2,1.0
3127000.0,948,2,1.0
4625000.0,1402,3,1.0
3340999.9999999995,1013,2,1.0
3565000.0,926,3,1.0
3972999.9999999995,1032,3,1.0
3329999.9999999995,865,2,1.0
3653000.0,949,2,1.0
3388000.0000000005,880,2,1.0
4839000.0,1042,3,1.0
4983000.0,1074,3,1.0
4281000.0,918,2,1.0
4654000.0,1001,3,1.0
4267000.0,917,2,1.0
4672000.0,1005,3,1.0
4321000.0,927,2,1.0
4699000.0,1011,3,1.0
4942000.0,1065,3,1.0
4267000.0,915,2,1.0
2955000.0,788,2,1.0
3311000.0,883,2,1.0
3311000.0,883,2,1.0
2966000.0,791,2,1.0
2966000.0,791,2,1.0
2921000.0,779,2,1.0
2921000.0,779,2,1.0
3453000.0,921,2,1.0
3453000.0,921,2,1.0
3172000.0,846,2,1.0
3172000.0,846,2,1.0
3015000.0,804,2,1.0
3015000.0,804,2,1.0
3015000.0,804,2,1.0
3003000.0,801,2,1.0
3015000.0,804,2,1.0
3003000.0,801,2,1.0
3030000.0,808,2,1.0
3030000.0,808,2,1.0
3468000.0,925,2,1.0
3468000.0,925,2,1.0
3146000.0,839,2,1.0
2898000.0,773,2,1.0
3146000.0,839,2,1.0
2898000.0,773,2,1.0
3097000.0,826,2,1.0
3097000.0,826,2,1.0
3116000.0,831,2,1.0
3116000.0,831,2,1.0
2955000.0,788,2,1.0
26500000.0,1450,3,1.0
7954000.000000001,1473,3,1.0
5410000.0,1002,2,2.0
7656999.999999999,1418,3,1.0
9046000.0,1508,3,1.0
10400000.0,1745,3,1.0
10400000.0,1745,3,1.0
13100000.0,2185,4,1.0
9298000.0,1550,3,1.0
9118000.0,1520,2,1.0
18100000.0,3024,5,1.0
18100000.0,3024,5,1.0
9700000.0,1617,2,1.0
9700000.0,1617,2,1.0
8026000.000000001,1338,2,1.0
8026000.000000001,1338,2,1.0
7954000.000000001,1473,3,1.0
5410000.0,1002,2,2.0
7656999.999999999,1418,3,1.0
5243000.0,971,2,1.0
7668000.000000001,1420,3,3.0
5389000.0,998,2,1.0
5383000.0,997,2,1.0
8823000.0,1634,3,3.0
9118000.0,1520,2,1.0
18100000.0,3024,5,1.0
18100000.0,3024,5,1.0
9700000.0,1617,2,1.0
9700000.0,1617,2,1.0
8026000.000000001,1338,2,1.0
8026000.000000001,1338,2,1.0
5383000.0,997,2,1.0
26600000.0,1540,3,1.0
27500000.0,1520,3,1.0
27500000.0,1525,3,1.0
24200000.0,1400,3,1.0
26400000.0,1500,3,3.0
27600000.0,1450,3,1.0
22500000.0,1240,2,1.0
22000000.0,1215,2,1.0
25000000.0,1375,3,3.0
41100000.0,2230,4,4.0
29500000.0,1520,3,1.0
6310000.0,1242,2,2.0
65000000.0,6023,4,1.0
13000000.0,1166,2,1.0
19100000.0,2474,4,1.0
17600000.0,2277,4,1.0
13000000.0,1800,3,1.0
19500000.0,2533,4,1.0
13900000.0,1938,3,1.0
20200000.0,2621,4,1.0
14300000.0,1990,3,1.0
13100000.0,1825,3,1.0
6310000.0,1242,2,2.0
3371000.0,604,1,1.0
3365999.9999999995,603,1,1.0
6351000.0,1250,2,2.0
6330000.0,1246,2,2.0
3377000.0000000005,605,1,1.0
3344000.0,599,1,1.0
3360000.0,602,1,1.0
8875000.0,1761,3,1.0
6285000.0,1237,2,2.0
9419000.0,1869,3,1.0
7754000.000000001,1468,2,1.0
7020000.0,1329,2,2.0
8779000.0,1742,3,1.0
6864000.0,1351,2,2.0
8804000.0,1747,3,1.0
9349000.0,1855,3,1.0
8023000.0,1592,3,3.0
9243000.0,1834,3,1.0
8608000.0,1708,3,1.0
7938000.0,1575,3,2.0
9187000.0,1823,3,1.0
8512000.0,1689,3,1.0
9077000.0,1801,3,1.0
6528000.0,1285,2,1.0
6396000.0,1259,2,2.0
6452000.0,1270,2,2.0
6447000.0,1269,2,1.0
9031000.0,1792,3,1.0
8366000.0,1660,3,1.0
4000000.0,1047,2,2.0
4243000.0,943,2,2.0
4600000.0,900,2,2.0
6500000.0,1600,3,2.0
13500000.0,1415,3,3.0
22000000.0,1500,3,2.0
4800000.0,1300,2,1.0
37000000.0,3600,3,3.0
7200000.0,1400,3,2.0
7400000.0,1100,3,3.0
4500000.0,909,2,2.0
5400000.0,893,2,2.0
14000000.0,1270,3,2.0
7200000.0,1218,3,3.0
6500000.0,919,2,2.0
2700000.0,756,2,2.0
5250000.0,550,1,1.0
6300000.0,1000,2,2.0
5400000.0,1200,2,2.0
16300000.0,1154,2,2.0
2600000.0,540,1,1.0
6000000.0,1066,2,2.0
21000000.0,1381,3,3.0
10000000.0,1735,3,3.0
3050000.0,770,2,2.0
3600000.0,827,2,2.0
8200000.0,1900,3,3.0
21000000.0,2500,3,1.0
5500000.0,1050,1,2.0
7500000.0,850,2,2.0
16500000.0,2280,4,3.0
11000000.0,2740,4,2.0
18200000.0,2640,4,4.0
16000000.0,2700,4,3.0
22000000.0,1438,3,2.0
5300000.0,850,2,2.0
5300000.0,850,2,2.0
5000000.0,905,2,2.0
32500000.0,1950,4,3.0
3500000.0,900,2,2.0
2800000.0,502,1,1.0
6900000.0,1071,2,2.0
6848999.999999999,1343,3,4.0
7700000.0,1560,2,2.0
3200000.0,612,2,2.0
7500000.0,1456,3,3.0
23000000.0,2590,4,4.0
4100000.0,600,2,2.0
4500000.0,1176,2,2.0
6021000.0,782,1,1.0
4950000.0,1000,2,2.0
2500000.0,605,1,1.0
4178000.0,1045,2,1.0
6298000.0,1575,3,1.0
6318000.0,1580,3,1.0
4218000.0,1055,2,1.0
6438000.0,1610,3,1.0
6058000.0,1515,3,1.0
4218000.0,1055,2,1.0
6078000.0,1520,3,1.0
6058000.0,1515,3,1.0
5498000.0,1375,2,1.0
4102000.0000000005,1026,2,1.0
4058000.0,1015,2,1.0
5358000.0,1340,2,1.0
5358000.0,1340,2,1.0
4500000.0,670,2,2.0
1959000.0,540,1,2.0
2700000.0,600,2,4.0
3700000.0,793,2,2.0
6500000.0,1047,2,2.0
16500000.0,3000,6,4.0
5960000.0,450,1,1.0
3800000.0,825,2,2.0
1500000.0,540,2,1.0
3500000.0,840,2,2.0
3500000.0,850,3,3.0
4000000.0,655,2,2.0
4850000.0,1100,2,2.0
9000000.0,3408,5,5.0
10000000.0,1400,3,3.0
9000000.0,3408,5,5.0
6500000.0,1273,3,3.0
2900000.0,506,2,1.0
2850000.0,736,2,2.0
2600000.0,850,2,2.0
4500000.0,950,2,2.0
1500000.0,450,1,1.0
4600000.0,820,2,2.0
3000000.0,960,2,2.0
9800000.0,1253,3,2.0
8300000.0,997,2,1.0
3800000.0,510,1,1.0
13500000.0,1950,3,3.0
7200000.0,1957,3,3.0
4000000.0,1000,2,2.0
16000000.0,2300,4,4.0
13700000.0,1485,3,3.0
5900000.0,1430,3,2.0
6500000.0,900,2,2.0
6500000.0,900,2,2.0
12000000.0,2400,5,4.0
4500000.0,917,2,2.0
4000000.0,680,2,1.0
3000000.0,950,2,2.0
1950000.0,600,1,1.0
4500000.0,580,1,1.0
4500000.0,840,2,2.0
14500000.0,1125,3,2.0
4070000.0000000005,760,2,2.0
4606000.0,940,2,2.0
5022000.0,1025,2,2.0
4361000.0,890,2,2.0
3993000.0,815,2,2.0
5047000.0,1030,2,2.0
5047000.0,1030,2,2.0
4223000.0,862,2,2.0
25000000.0,1942,3,3.0
4702000.0,825,2,2.0
4702000.0,825,2,2.0
3700000.0,730,2,2.0
5599000.0,1015,2,2.0
5475000.0,1020,2,2.0
3915000.0,1050,2,2.0
5858000.0,1100,2,3.0
5422000.0,1015,2,2.0
4419000.0,878,2,2.0
3972999.9999999995,790,2,2.0
3858000.0,819,2,2.0
3822999.9999999995,815,2,2.0
4100000.0,874,2,3.0
3853000.0,799,2,2.0
2400000.0,1010,2,2.0
80000000.0,5000,4,3.0
26500000.0,1650,3,3.0
4702000.0,825,2,2.0
4702000.0,825,2,2.0
7980000.0,1400,3,3.0
5600000.0,1258,2,2.0
5022000.0,1025,3,3.0
39000000.0,4000,4,4.0
5022000.0,1025,3,3.0
4042000.0,825,2,2.0
5400000.0,1000,2,3.0
11000000.0,974,2,2.0
4214000.0,860,2,2.0
20000000.0,1844,3,3.0
5900000.0,1096,3,2.0
4170000.0000000005,760,2,2.0
4075000.0,750,2,2.0
16800000.0,994,2,2.0
4300000.0,891,2,2.0
4899000.0,800,2,2.0
4900000.0,800,2,2.0
37500000.0,2200,4,4.0
16800000.0,994,2,2.0
4450000.0,918,3,2.0
2760000.0,600,2,2.0
2760000.0,600,2,2.0
3160000.0,750,2,2.0
3400000.0,700,2,2.0
55000000.0,4000,4,3.0
19000000.0,1550,3,3.0
55000000.0,4600,5,4.0
8509000.0,1340,3,1.0
6362000.0,1002,2,1.0
6356000.0,1001,2,1.0
6813000.0,1073,2,1.0
6235000.0,982,2,1.0
6127000.0,965,2,1.0
9321000.0,1468,3,1.0
8477000.0,1335,3,1.0
9099000.0,1433,3,1.0
5500000.0,1000,2,2.0
36200000.0,2133,2,2.0
3500000.0,620,1,1.0
35000000.0,4361,4,4.0
4450000.0,918,3,2.0
3850000.0,800,2,2.0
42000000.0,1975,3,3.0
4008000.0,835,2,1.0
4022000.0,838,2,1.0
3229999.9999999995,673,2,1.0
42700000.0,3700,4,4.0
9900000.0,1500,3,3.0
5500000.0,1000,2,3.0
3779999.9999999995,790,2,2.0
4400000.0,938,2,2.0
3988000.0000000005,1040,3,2.0
18500000.0,1490,3,3.0
13000000.0,1330,2,3.0
49200000.0,2889,3,3.0
5800000.0,1318,3,3.0
23600000.0,1657,3,3.0
14700000.0,1550,3,3.0
15000000.0,1350,3,3.0
11500000.0,1150,2,2.0
23000000.0,1440,3,3.0
11000000.0,1310,2,2.0
12500000.0,1765,3,3.0
29900000.0,2000,3,3.0
9600000.0,1900,3,3.0
8780000.0,1541,3,3.0
7980000.0,1400,3,3.0
4416000.0,803,2,1.0
4158000.0,756,1,1.0
3201000.0,582,1,1.0
7300000.0,1737,3,3.0
1848999.9999999998,520,1,2.0
2409000.0,502,1,1.0
3393000.0,707,2,1.0
2284000.0,476,1,1.0
3585000.0,747,2,1.0
2313000.0,503,1,1.0
4163000.0000000005,905,3,1.0
3275000.0,712,2,1.0
3220000.0000000005,700,2,1.0
2055999.9999999998,447,1,1.0
5700000.0,1075,2,2.0
5400000.0,950,2,2.0
60000000.0,2300,3,3.0
38500000.0,2336,3,3.0
22500000.0,1950,3,3.0
39300000.0,2133,3,3.0
24000000.0,2028,3,3.0
27700000.0,2350,3,3.0
5521000.0,986,2,2.0
5521000.0,986,2,2.0
3642000.0,710,1,2.0
3526000.0,619,1,1.0
3552000.0000000005,629,1,2.0
7200000.0,1517,3,3.0
5500000.0,1020,2,2.0
2800000.0,650,2,2.0
7900000.0,1440,3,3.0
11000000.0,2009,3,3.0
4400000.0,1012,2,2.0
8200000.0,1750,3,3.0
7000000.0,1499,3,3.0
16500000.0,1500,3,3.0
3600000.0,900,2,3.0
2400000.0,1100,2,2.0
2600000.0,720,2,2.0
3400000.0,1150,2,2.0
2600000.0,720,2,2.0
2600000.0,720,2,2.0
3600000.0,835,2,2.0
5049000.0,1020,3,1.0
2970000.0,600,1,1.0
4034000.0000000005,815,2,1.0
4603000.0,930,2,1.0
4950000.0,1000,3,1.0
3415000.0,690,2,1.0
4826000.0,975,2,1.0
3960000.0,800,2,1.0
5250000.0,960,2,1.0
4400000.0,800,2,1.0
3200000.0,1000,2,2.0
2500000.0,640,1,1.0
6000000.0,782,2,2.0
7600000.0,1028,2,2.0
32500000.0,1710,3,3.0
2600000.0,1255,2,2.0
1700000.0,752,1,2.0
2400000.0,1100,2,2.0
1600000.0,681,1,2.0
3400000.0,901,2,2.0
1700000.0,751,1,2.0
3400000.0,1150,2,2.0
16500000.0,1541,3,3.0
3000000.0,1500,2,2.0
2200000.0,1010,1,2.0
2200000.0,1010,1,2.0
2800000.0,800,2,2.0
3000000.0,1500,2,2.0
4300000.0,550,2,2.0
6200000.0,1295,2,2.0
11500000.0,1238,3,3.0
14000000.0,2200,6,4.0
1700000.0,750,1,2.0
1700000.0,750,1,2.0
2200000.0,1010,1,2.0
1700000.0,751,1,2.0
2400000.0,1250,2,2.0
2400000.0,1250,2,2.0
2150000.0,1020,1,2.0
3500000.0,808,2,2.0
2200000.0,601,1,2.0
14000000.0,2590,6,1.0
3500000.0,1500,1,1.0
3500000.0,810,2,2.0
1650000.0,750,1,2.0
2950000.0,1500,2,2.0
2600000.0,1250,2,2.0
4000000.0,652,2,2.0
4500000.0,1112,2,2.0
3000000.0,690,2,2.0
3600000.0,902,2,2.0
4000000.0,1000,2,2.0
3500000.0,850,2,2.0
3600000.0,900,2,2.0
14000000.0,2200,5,3.0
6200000.0,1250,2,2.0
1900000.0,1090,1,2.0
3400000.0,1151,2,2.0
3400000.0,1151,2,2.0
2800000.0,801,2,2.0
3000000.0,820,2,2.0
2400000.0,1200,2,2.0
3500000.0,810,2,2.0
1650000.0,680,1,2.0
2190000.0,600,1,2.0
4000000.0,904,2,2.0
21000000.0,1400,1,2.0
52500000.0,3170,3,4.0
15000000.0,2440,4,5.0
2200000.0,600,1,2.0
7061000.0,1139,2,1.0
5208000.0,840,2,2.0
9070000.0,1463,3,1.0
10700000.0,1730,3,1.0
7420999.999999999,1197,2,1.0
4300000.0,799,2,2.0
1600000.0,500,1,1.0
4500000.0,1200,3,2.0
3400000.0,1150,2,2.0
2900000.0,1500,2,2.0
3700000.0,1136,2,2.0
2700000.0,750,2,2.0
3500000.0,808,2,2.0
2800000.0,1375,2,2.0
35000000.0,3300,3,6.0
6500000.0,1600,2,2.0
13000000.0,2020,3,2.0
6200000.0,950,3,2.0
20000000.0,1345,2,1.0
4200000.0,1330,4,2.0
2600000.0,1205,2,2.0
2600000.0,720,2,2.0
3000000.0,820,2,2.0
3500000.0,808,2,2.0
5251000.0,938,2,1.0
6706999.999999999,1198,3,1.0
2295000.0,600,1,2.0
1789999.9999999998,601,1,2.0
2400000.0,600,2,2.0
1825000.0,600,1,2.0
8200000.0,1450,2,2.0
3950000.0,930,2,2.0
1800000.0,500,1,1.0
3900000.0,800,2,2.0
2400000.0,650,2,2.0
2500000.0,650,2,1.0
2800000.0,750,2,1.0
2750000.0,800,2,1.0
2850000.0,900,1,1.0
2800000.0,850,1,1.0
2550000.0,700,1,1.0
5400000.0,950,2,2.0
6500000.0,1100,3,2.0
2850000.0,800,2,1.0
90300000.0,4200,3,1.0
63600000.0,2961,3,1.0
63500000.0,2958,3,1.0
63600000.0,2960,4,1.0
63500000.0,2957,4,1.0
139700000.0,6500,5,1.0
64500000.0,3000,3,1.0
83800000.0,3899,3,1.0
67400000.0,3135,3,3.0
11400000.0,600,1,1.0
63600000.0,2959,4,1.0
83200000.0,3874,3,1.0
139700000.0,6498,5,1.0
81700000.0,3800,3,1.0
142200000.0,6617,5,1.0
67400000.0,3139,4,1.0
48100000.0,2291,3,3.0
41700000.0,1989,3,3.0
90300000.0,4302,4,1.0
90300000.0,4302,4,1.0
6400000.0,1238,3,1.0
24000000.0,1515,3,1.0
45000000.0,2512,3,1.0
26300000.0,1662,3,1.0
32900000.0,1760,3,1.0
2900000.0,500,1,1.0
9000000.0,1390,3,3.0
7650000.0,1150,2,2.0
17100000.0,1495,3,3.0
11500000.0,1008,2,2.0
15000000.0,1750,3,2.0
2590000.0,700,2,2.0
2280000.0,600,1,2.0
2690000.0,704,2,2.0
3700000.0,1300,2,2.0
3500000.0,1180,2,2.0
27500000.0,4725,5,7.0
2900000.0,982,2,2.0
4200000.0,738,2,2.0
2500000.0,820,2,1.0
8347000.0,1403,3,1.0
3385000.0,594,1,1.0
3351000.0,588,1,1.0
8490000.0,1427,3,1.0
6164000.0,1036,2,1.0
6033000.0,1014,2,1.0
8341000.0,1402,3,1.0
6027000.0,1013,2,2.0
3402000.0000000005,597,1,1.0
22000000.0,3000,3,3.0
11000000.0,1850,3,3.0
17000000.0,2200,4,3.0
16400000.0,2000,4,3.0
11000000.0,1851,3,3.0
11000000.0,1852,3,3.0
16500000.0,2210,4,3.0
7300000.0,1152,2,2.0
11100000.0,1852,3,3.0
7500000.0,1152,2,2.0
5500000.0,820,2,2.0
11500000.0,1850,3,3.0
4900000.0,1100,2,2.0
13700000.0,1638,3,3.0
10100000.0,1188,2,2.0
5137000.0,598,1,1.0
7000000.0,1027,2,2.0
7000000.0,1027,2,2.0
7000000.0,1027,2,2.0
7000000.0,1027,2,2.0
7000000.0,1027,2,2.0
7000000.0,1027,2,2.0
7000000.0,1027,2,2.0
7000000.0,1027,2,2.0
7000000.0,1027,2,2.0
7000000.0,1027,2,2.0
7000000.0,1027,2,2.0
7000000.0,1027,2,2.0
7000000.0,1027,2,2.0
7000000.0,1027,2,2.0
7000000.0,1027,2,2.0
7000000.0,1027,2,2.0
7000000.0,1027,2,2.0
7000000.0,1027,2,2.0
7000000.0,1027,2,2.0
7000000.0,1027,2,2.0
7000000.0,1027,2,2.0
7000000.0,1027,2,2.0
7000000.0,1027,2,2.0
7000000.0,1027,2,2.0
7000000.0,1027,2,2.0
7000000.0,1027,2,2.0
2325000.0,611,1,2.0
3915000.0,870,2,2.0
5300000.0,1022,2,2.0
32500000.0,2411,4,4.0
40000000.0,1987,3,3.0
40000000.0,1987,3,3.0
7155000.0,1376,3,3.0
10700000.0,1306,2,2.0
24000000.0,1484,3,3.0
4200000.0,1100,2,2.0
9000000.0,1000,3,3.0
24500000.0,1401,3,3.0
13800000.0,1380,3,3.0
12000000.0,1200,3,3.0
12000000.0,1200,3,3.0
13000000.0,1308,3,3.0
12500000.0,1250,3,3.0
10400000.0,1044,2,2.0
10600000.0,1060,2,2.0
10600000.0,1062,2,2.0
13700000.0,1370,3,3.0
12600000.0,1264,3,3.0
10600000.0,1065,2,2.0
10600000.0,1060,2,2.0
13700000.0,1370,3,3.0
13000000.0,1308,3,3.0
13000000.0,1308,3,3.0
12000000.0,1200,3,3.0
10400000.0,1044,2,2.0
12000000.0,1200,3,3.0
13800000.0,1380,3,3.0
12600000.0,1264,3,3.0
12500000.0,1250,3,3.0
12500000.0,1250,3,3.0
13700000.0,1370,3,3.0
13800000.0,1380,3,3.0
13000000.0,1308,3,3.0
4900000.0,675,2,1.0
4900000.0,675,2,1.0
4700000.0,509,1,1.0
5290000.0,804,2,2.0
8200000.0,960,2,2.0
7780000.0,890,2,2.0
7000000.0,950,2,2.0
5600000.0,1000,2,2.0
4697000.0,854,2,1.0
5263000.0,957,2,1.0
5170000.0,940,2,2.0
4807000.0,874,2,1.0
4708000.0,856,2,1.0
5379000.0,978,2,1.0
5478000.0,996,2,1.0
39800000.0,2650,5,5.0
39800000.0,2650,5,5.0
39800000.0,2650,5,5.0
9450000.0,1350,3,3.0
8800000.0,1482,3,3.0
39800000.0,2650,5,5.0
39800000.0,2650,5,5.0
39800000.0,2650,5,5.0
39800000.0,2650,5,5.0
39800000.0,2650,5,5.0
39800000.0,2650,5,5.0
39800000.0,2650,5,5.0
39800000.0,2650,5,5.0
39800000.0,2650,5,5.0
39800000.0,2650,5,5.0
39800000.0,2650,5,5.0
39800000.0,2650,5,5.0
39800000.0,2650,5,5.0
39800000.0,2650,5,5.0
39800000.0,2650,5,5.0
39800000.0,2650,5,5.0
39800000.0,2650,5,5.0
39800000.0,2650,5,5.0
39800000.0,2650,5,5.0
39800000.0,2650,5,5.0
39800000.0,2650,5,5.0
39800000.0,2650,5,5.0
39800000.0,2650,5,5.0
39800000.0,2650,5,5.0
39800000.0,2650,5,5.0
39800000.0,2650,5,5.0
39800000.0,2650,5,5.0
39800000.0,2650,5,5.0
39800000.0,2650,5,5.0
39800000.0,2650,5,5.0
39800000.0,2650,5,5.0
39800000.0,2650,5,5.0
39800000.0,2650,5,5.0
39800000.0,2650,5,5.0
39800000.0,2650,5,5.0
39800000.0,2650,5,5.0
39800000.0,2650,5,5.0
7500000.0,1200,3,2.0
9450000.0,1350,3,3.0
8800000.0,1482,3,3.0
15000000.0,1750,2,1.0
12600000.0,1700,3,2.0
10800000.0,1065,2,2.0
10800000.0,1065,2,2.0
4044000.0,834,2,2.0
3636000.0,627,1,1.0
5521000.0,952,2,2.0
6431999.999999999,960,2,2.0
5917000.0,1220,2,2.0
5917000.0,1220,2,2.0
3734000.0000000005,770,2,2.0
2599000.0,703,2,2.0
9158000.0,1409,3,1.0
6389000.0,983,2,1.0
6831000.0,1051,2,1.0
6636000.0,1021,2,1.0
6461000.0,994,2,1.0
6565000.000000001,1010,2,1.0
8222000.0,1265,3,1.0
6948000.0,1069,2,1.0
6259000.0,963,2,1.0
13800000.0,1340,3,1.0
12100000.0,1175,3,1.0
14100000.0,1375,3,1.0
15900000.0,1550,3,1.0
16000000.0,1555,3,1.0
15700000.0,1525,3,1.0
14600000.0,1425,3,1.0
16000000.0,1560,3,1.0
9548000.0,1469,3,1.0
6396000.0,984,2,1.0
3800000.0,900,2,2.0
6680000.0,1380,3,1.0
4450000.0,1030,2,1.0
7600000.0,1460,3,1.0
10300000.0,1993,3,1.0
10300000.0,1993,3,1.0
5870000.0,997,2,1.0
7200000.0,1370,3,1.0
5600000.0,920,2,2.0
50000000.0,3000,4,4.0
8300000.0,645,2,2.0
8300000.0,645,2,2.0
4934000.0,771,2,1.0
4537000.0,709,2,1.0
10000000.0,1343,2,1.0
10900000.0,900,2,2.0
4947000.0,853,2,1.0
4901000.0,845,2,1.0
4950000.0,947,2,2.0
3800000.0,625,2,1.0
3800000.0,625,2,1.0
3800000.0,625,2,1.0
3800000.0,625,2,1.0
3800000.0,625,2,1.0
3800000.0,625,2,1.0
1948999.9999999998,520,1,2.0
10800000.0,1065,2,2.0
5950000.0,700,2,2.0
5950000.0,700,2,2.0
5900000.0,759,2,2.0
6244000.0,905,2,2.0
105000000.0,4200,6,6.0
6000000.0,1400,3,3.0
11200000.0,1800,3,3.0
11200000.0,1800,3,3.0
11200000.0,1800,3,3.0
3900000.0,750,2,2.0
3900000.0,750,2,2.0
12300000.0,1650,3,3.0
4900000.0,600,1,1.0
7859999.999999999,779,2,2.0
4200000.0,520,1,1.0
8200000.0,1000,2,2.0
7559999.999999999,770,2,2.0
7500000.0,925,2,2.0
3050000.0,620,2,2.0
2200000.0,500,1,1.0
3878000.0,808,2,2.0
2568000.0,535,1,1.0
4478000.0,933,3,3.0
3735000.0,770,2,2.0
4044000.0,834,2,2.0
3700000.0,677,2,1.0
3500000.0,620,1,1.0
11300000.0,1668,3,1.0
7969000.0,1172,2,1.0
9907000.0,1457,3,1.0
8309000.0,1222,2,1.0
10500000.0,1385,3,2.0
10500000.0,1385,3,3.0
3450000.0,1170,2,2.0
3600000.0,1300,2,2.0
3250000.0,990,2,2.0
2500000.0,620,2,2.0
2650000.0,680,2,2.0
2950000.0,850,2,2.0
2250000.0,600,1,2.0
2250000.0,630,2,2.0
1650000.0,550,1,2.0
9990000.0,1350,3,3.0
39800000.0,2650,5,5.0
3000000.0,780,2,2.0
10700000.0,1350,3,2.0
6362000.0,823,2,2.0
6362000.0,823,2,2.0
6490000.000000001,823,2,2.0
4152000.0000000005,865,2,2.0
5106000.0,740,2,2.0
7900000.0,894,2,2.0
4977000.0,905,2,1.0
10800000.0,1065,2,2.0
4219000.0,870,2,2.0
3734000.0000000005,770,2,2.0
4977000.0,905,2,1.0
6765000.000000001,1230,3,1.0
4111999.9999999995,848,2,2.0
5200000.0,780,2,2.0
40000000.0,4800,4,3.0
2600000.0,800,2,2.0
2000000.0,600,2,2.0
1671000.0,490,1,1.0
8727000.0,1247,2,2.0
4500000.0,970,2,2.0
7151000.000000001,1069,2,2.0
19000000.0,1500,3,3.0
5779000.0,1051,2,2.0
8037000.0,1786,3,1.0
5238000.0,1376,2,1.0
4600000.0,914,2,2.0
7300000.0,1400,3,3.0
7200000.0,1500,3,3.0
3400000.0,600,2,2.0
5774000.0,1013,2,2.0
5464000.0,1051,2,2.0
12000000.0,1723,3,3.0
12500000.0,1765,3,3.0
9990000.0,1350,3,3.0
8140000.000000001,1122,2,2.0
26000000.0,2000,3,3.0
3500000.0,620,1,1.0
7700000.0,1400,3,3.0
6500000.0,1478,3,3.0
7980000.0,1400,3,3.0
7751000.000000001,1491,3,3.0
3400000.0,748,2,2.0
6500000.0,1250,3,3.0
3900000.0,999,2,2.0
1936000.0,605,1,1.0
21000000.0,1666,2,3.0
8000000.0,1700,3,3.0
12500000.0,1765,3,3.0
9990000.0,1350,3,3.0
8140000.000000001,1122,2,2.0
11800000.0,1600,3,3.0
26000000.0,2000,3,3.0
3500000.0,620,1,1.0
4586000.0,1079,2,2.0
5740000.0,1552,2,1.0
6000000.0,1550,2,2.0
5397000.0,1285,2,1.0
44200000.0,2601,3,3.0
6459999.999999999,1700,3,3.0
6087000.0,1068,2,2.0
4158000.0,990,1,2.0
7263000.0,1243,1,1.0
4000000.0,885,1,1.0
3600000.0,800,1,2.0
3400000.0,956,1,2.0
5838000.0,965,1,2.0
10900000.0,1708,3,3.0
5464000.0,1051,2,2.0
7065000.000000001,1359,3,2.0
12500000.0,1765,3,3.0
7447000.0,1655,3,3.0
8286000.0,1247,2,2.0
8545000.0,1554,3,3.0
8140000.000000001,1122,2,2.0
11800000.0,1600,3,3.0
3500000.0,620,1,1.0
4586000.0,1079,2,2.0
7700000.0,1400,3,3.0
5740000.0,1552,2,1.0
6000000.0,1550,2,2.0
5397000.0,1285,2,1.0
44200000.0,2601,3,3.0
6459999.999999999,1700,3,3.0
6087000.0,1068,2,2.0
2680000.0,620,2,2.0
2570000.0,620,2,2.0
2599000.0,620,2,2.0
2600000.0,620,2,2.0
2275000.0,600,1,2.0
2285000.0,600,2,2.0
1784000.0,600,1,1.0
3700000.0,1300,2,2.0
5500000.0,1200,2,2.0
5500000.0,1200,2,2.0
5500000.0,1200,2,2.0
5500000.0,1250,2,2.0
2249000.0,610,2,2.0
3950000.0,820,2,2.0
8500000.0,1071,2,2.0
6850000.0,1080,2,3.0
6850000.0,1080,2,3.0
6850000.0,1080,2,3.0
6850000.0,1080,2,3.0
30800000.0,1765,3,3.0
49000000.0,4500,8,6.0
6850000.0,1080,2,3.0
3400000.0,675,2,2.0
2249000.0,610,2,2.0
2800000.0,800,2,2.0
26000000.0,3485,5,5.0
5000000.0,1000,2,2.0
4950000.0,1000,2,2.0
2700000.0,720,2,2.0
12100000.0,1250,2,2.0
4500000.0,1000,2,2.0
5500000.0,1200,2,2.0
5500000.0,1200,2,2.0
5500000.0,1200,2,2.0
5500000.0,1200,2,2.0
5500000.0,1200,2,2.0
5500000.0,1200,2,2.0
5500000.0,1200,2,2.0
5300000.0,942,2,2.0
5300000.0,942,2,2.0
5300000.0,942,2,2.0
16000000.0,1463,3,4.0
2500000.0,582,2,2.0
31000000.0,2400,3,3.0
2800000.0,800,2,2.0
54000000.0,5100,5,5.0
4900000.0,1200,2,2.0
19500000.0,2622,3,2.0
3000000.0,950,2,2.0
3500000.0,750,2,1.0
3500000.0,750,2,1.0
3500000.0,750,2,1.0
3500000.0,750,2,1.0
10600000.0,1350,3,3.0
5583000.0,859,2,2.0
2200000.0,420,1,2.0
4850000.0,1450,2,2.0
3950000.0,820,2,2.0
8500000.0,1071,2,2.0
6850000.0,1080,2,3.0
6850000.0,1080,2,3.0
6850000.0,1080,2,3.0
6850000.0,1080,2,3.0
49000000.0,4500,8,6.0
6850000.0,1080,2,3.0
6850000.0,1080,2,3.0
23000000.0,1590,3,3.0
6850000.0,1080,2,3.0
3400000.0,675,2,2.0
3400000.0,675,2,2.0
5500000.0,1200,2,2.0
5500000.0,1200,2,2.0
5500000.0,1200,2,2.0
5500000.0,1200,2,2.0
5500000.0,1200,2,2.0
4475000.0,1250,2,3.0
5900000.0,900,3,2.0
4900000.0,919,2,2.0
2500000.0,619,2,1.0
4250000.0,818,2,2.0
4250000.0,818,2,2.0
4850000.0,818,2,2.0
5750000.0,922,2,2.0
5300000.0,942,2,2.0
5300000.0,942,2,2.0
5300000.0,942,2,2.0
5300000.0,942,2,2.0
5300000.0,942,2,2.0
5300000.0,942,2,2.0
3500000.0,750,2,1.0
3500000.0,750,2,1.0
3500000.0,750,2,1.0
3500000.0,750,2,1.0
54000000.0,5100,5,5.0
5583000.0,859,2,2.0
12500000.0,2350,4,4.0
12500000.0,2350,4,4.0
11000000.0,2350,4,4.0
4218000.0,868,2,2.0
4218000.0,868,2,2.0
4218000.0,868,2,2.0
4218000.0,868,2,2.0
4218000.0,868,2,2.0
2500000.0,619,2,1.0
12500000.0,2350,4,4.0
12500000.0,2350,4,4.0
11000000.0,2350,4,4.0
4218000.0,868,2,2.0
4218000.0,868,2,2.0
4218000.0,868,2,2.0
4218000.0,868,2,2.0
4218000.0,868,2,2.0
4218000.0,868,2,2.0
4218000.0,868,2,2.0
4218000.0,868,2,2.0
4218000.0,868,2,2.0
4218000.0,868,2,2.0
4218000.0,868,2,2.0
4218000.0,868,2,2.0
4218000.0,868,2,2.0
4218000.0,868,2,2.0
4218000.0,868,2,2.0
4218000.0,868,2,2.0
5300000.0,942,2,2.0
5300000.0,942,2,2.0
5300000.0,942,2,2.0
5300000.0,942,2,2.0
5300000.0,942,2,2.0
5300000.0,942,2,2.0
5300000.0,942,2,2.0
5300000.0,942,2,2.0
5300000.0,942,2,2.0
2750000.0,586,1,1.0
2800000.0,586,1,1.0
2800000.0,586,1,1.0
2800000.0,586,1,1.0
2800000.0,586,1,1.0
2800000.0,586,1,1.0
2800000.0,586,1,1.0
2800000.0,586,1,1.0
2800000.0,586,1,1.0
2800000.0,586,1,1.0
2800000.0,586,1,1.0
2800000.0,586,1,1.0
2800000.0,586,1,1.0
2800000.0,586,1,1.0
2800000.0,586,1,1.0
31000000.0,2400,3,3.0
3500000.0,953,2,2.0
46000000.0,4000,4,4.0
52000000.0,4000,4,3.0
2620000.0,655,1,2.0
3500000.0,700,2,2.0
11000000.0,1405,3,2.0
2500000.0,650,2,2.0
2500000.0,650,2,2.0
2500000.0,650,2,2.0
6000000.0,1386,3,3.0
54000000.0,5100,5,5.0
3500000.0,750,2,1.0
3500000.0,750,2,1.0
3500000.0,750,2,1.0
3500000.0,750,2,1.0
3600000.0,809,2,2.0
3000000.0,905,2,2.0
3950000.0,809,2,2.0
3950000.0,809,2,2.0
3950000.0,809,2,2.0
3950000.0,809,2,2.0
3950000.0,809,2,2.0
6200000.0,1030,3,2.0
6200000.0,1030,3,2.0
6200000.0,1030,3,2.0
6200000.0,1030,3,2.0
6200000.0,1030,3,2.0
6200000.0,1030,3,2.0
6200000.0,1030,3,2.0
6200000.0,1030,3,2.0
6200000.0,1030,3,2.0
6200000.0,1030,3,2.0
6200000.0,1030,3,2.0
6200000.0,1030,3,2.0
6200000.0,1030,3,2.0
6200000.0,1030,3,2.0
6200000.0,1030,3,2.0
6200000.0,1030,3,2.0
4280000.0,855,2,2.0
6200000.0,1030,3,2.0
5800000.0,1030,3,2.0
8700000.0,1015,2,2.0
8500000.0,1200,2,2.0
7100000.0,1100,3,3.0
16500000.0,1344,2,2.0
16500000.0,1344,2,2.0
4900000.0,1200,2,2.0
10600000.0,1350,3,3.0
3300000.0,580,2,2.0
4500000.0,1024,3,2.0
3750000.0,845,2,2.0
4700000.0,1505,3,3.0
41600000.0,2315,3,3.0
7200000.0,1100,3,3.0
3499000.0,1175,2,2.0
2199000.0,600,1,2.0
2200000.0,600,1,2.0
2900000.0,800,2,2.0
3200000.0,1000,2,2.0
3975000.0,885,2,2.0
6580000.0,1535,3,3.0
4100000.0,1250,1,2.0
3300000.0,1020,2,3.0
4800000.0,1270,2,1.0
4900000.0,1110,2,2.0
4700000.0,1060,2,2.0
4300000.0,1350,2,2.0
19500000.0,3850,5,5.0
14500000.0,1000,2,1.0
12000000.0,2400,4,4.0
7356000.0,1206,3,1.0
7875000.0,1291,3,1.0
7495999.999999999,1229,3,1.0
5610000.0,1020,3,1.0
6050000.0,1100,3,1.0
5800000.0,900,2,1.0
5500000.0,850,2,1.0
4800000.0,750,2,1.0
44000000.0,2452,3,3.0
2300000.0,500,1,1.0
6208000.0,1194,3,3.0
4841000.0,931,2,2.0
4708000.0,961,2,2.0
3940000.0,788,2,2.0
3861000.0,788,2,2.0
4508000.0,980,2,2.0
3836000.0,834,2,2.0
3657000.0,795,2,2.0
6478000.0,1117,3,3.0
7800000.0,1300,3,3.0
5406000.0,983,2,2.0
4735000.0,861,2,2.0
5826000.0,971,2,2.0
8120000.0,1400,3,3.0
6934999.999999999,1261,3,3.0
4900000.0,1000,2,2.0
4351000.0,888,2,2.0
6934999.999999999,1261,3,3.0
5604000.0,1019,2,2.0
5826000.0,971,2,2.0
8120000.0,1400,3,3.0
7800000.0,1300,3,3.0
5406000.0,983,2,2.0
4735000.0,861,2,2.0
3120000.0,600,1,1.0
7487000.0,1291,3,3.0
6888000.0,1148,3,3.0
5376000.0,896,2,2.0
5688000.0,1094,3,3.0
5194000.0,999,2,2.0
5220000.0,900,2,2.0
7270999.999999999,1322,3,3.0
6478000.0,1117,3,3.0
4111000.0,839,2,2.0
4368000.0,840,2,2.0
5405000.0,932,2,2.0
5341000.0,1187,3,3.0
5455000.0,1091,3,3.0
4885000.0,977,2,2.0
5196000.0,896,2,2.0
5339000.0,1139,3,3.0
7059999.999999999,1400,3,3.0
4315000.0,863,2,2.0
5880000.0,1200,3,3.0
4900000.0,1000,2,2.0
4351000.0,888,2,2.0
4599000.0,1022,3,3.0
4158000.0,924,2,2.0
5845000.0,759,2,2.0
2900000.0,650,1,1.0
3988000.0000000005,1050,2,2.0
8900000.0,950,2,2.0
6947000.0,965,2,1.0
6644000.0,923,2,2.0
9265000.0,1287,3,1.0
7809999.999999999,1085,3,3.0
7393000.000000001,1027,2,1.0
6990000.000000001,971,2,1.0
6954000.000000001,966,2,1.0
8500000.0,1712,3,3.0
43000000.0,6700,4,4.0
24000000.0,3700,3,3.0
20500000.0,1850,3,3.0
5132000.0,1283,3,3.0
4504000.0,1126,3,3.0
4504000.0,1126,3,3.0
2972000.0,743,2,2.0
5385000.0,1122,3,3.0
4348000.0,906,2,2.0
4027000.0000000005,839,2,2.0
7969000.0,1172,2,2.0
7500000.0,1655,3,3.0
10000000.0,2100,3,3.0
7000000.0,1600,3,3.0
10000000.0,2100,3,3.0
9500000.0,2000,3,3.0
9000000.0,1900,3,3.0
9500000.0,2000,3,3.0
8500000.0,1800,3,3.0
9000000.0,1900,3,3.0
8500000.0,1800,3,3.0
8000000.0,1700,3,3.0
8000000.0,1700,3,3.0
7500000.0,1655,3,3.0
7500000.0,1655,3,3.0
9000000.0,1667,3,3.0
7000000.0,1600,3,3.0
7000000.0,1600,3,3.0
12000000.0,2000,3,3.0
10000000.0,2100,3,3.0
10000000.0,1821,3,3.0
10000000.0,2100,3,3.0
9500000.0,2000,3,3.0
9500000.0,1783,3,3.0
9500000.0,2000,3,3.0
8500000.0,1583,3,3.0
9000000.0,1900,3,3.0
9000000.0,1624,3,3.0
9000000.0,1900,3,3.0
8500000.0,1800,3,3.0
12500000.0,1800,3,3.0
10000000.0,1874,3,3.0
8500000.0,1800,3,3.0
8000000.0,1700,3,3.0
8000000.0,1700,3,3.0
9500000.0,1700,3,3.0
7500000.0,1655,3,3.0
9400000.0,1793,3,3.0
10000000.0,2000,3,3.0
9000000.0,1674,3,3.0
9500000.0,1800,3,3.0
9000000.0,1740,3,3.0
8400000.0,1600,3,3.0
8500000.0,1664,3,3.0
10000000.0,2000,3,3.0
9500000.0,1800,3,3.0
11000000.0,2000,3,3.0
10000000.0,1839,3,3.0
9000000.0,1700,3,3.0
9500000.0,1741,3,3.0
8500000.0,1621,3,3.0
13000000.0,1385,3,3.0
7400000.0,1300,3,3.0
6900000.0,1200,2,2.0
13000000.0,1961,3,3.0
7000000.0,1600,3,3.0
14000000.0,2200,4,4.0
9500000.0,1900,3,3.0
8500000.0,1800,3,3.0
12000000.0,1321,3,3.0
9000000.0,1800,4,4.0
12000000.0,1400,3,3.0
8500000.0,1683,3,3.0
8000000.0,1561,3,3.0
7700000.0,1483,3,3.0
11000000.0,1943,3,3.0
11000000.0,1300,3,3.0
9500000.0,1783,3,3.0
6002000.0,1225,3,3.0
5360000.0,1094,3,3.0
4459000.0,910,2,2.0
4018000.0,820,2,2.0
2447000.0,505,1,1.0
10800000.0,1065,2,2.0
3734000.0000000005,770,2,2.0
5712000.0,1190,3,3.0
6400000.0,1254,2,2.0
2300000.0,594,1,2.0
2650000.0,630,2,2.0
3499000.0,1201,2,2.0
2899000.0,751,2,2.0
2699000.0,701,2,2.0
2999000.0,847,2,2.0
2299000.0,609,2,2.0
3200000.0,800,2,2.0
4800000.0,1200,2,2.0
4600000.0,1000,2,2.0
5300000.0,1000,2,3.0
5700000.0,1500,2,3.0
3300000.0,1200,2,2.0
3600000.0,900,1,2.0
5800000.0,1400,3,3.0
5700000.0,1250,2,2.0
5300000.0,1550,2,2.0
5200000.0,1350,2,2.0
4600000.0,1200,1,2.0
3600000.0,1000,2,2.0
5400000.0,1050,2,2.0
5000000.0,1080,2,3.0
5800000.0,1250,2,3.0
4800000.0,1160,2,3.0
4700000.0,1470,2,3.0
5300000.0,1060,2,3.0
4800000.0,1126,1,2.0
7800000.0,954,2,2.0
5300000.0,804,2,2.0
4200000.0,509,1,1.0
4887000.0,905,2,2.0
4654000.0,862,2,2.0
4152000.0000000005,769,2,2.0
6959999.999999999,1200,3,3.0
6032000.0,1040,2,2.0
5417000.0,934,2,2.0
5156000.0,889,2,2.0
6608000.0,1180,3,3.0
5712000.0,1020,2,2.0
5208000.0,930,2,2.0
7337000.0,1249,3,3.0
6926000.000000001,1179,3,3.0
5775000.0,983,2,2.0
4794000.0,861,2,2.0
8143000.000000001,1404,3,3.0
7295999.999999999,1258,3,3.0
5915000.0,1183,3,3.0
5776000.0,996,2,2.0
4715000.0,943,2,2.0
5220000.0,900,2,2.0
7650000.0,1275,3,3.0
4305000.0,861,2,2.0
6995999.999999999,1166,3,3.0
2500000.0,500,1,1.0
6000000.0,1000,2,2.0
11300000.0,1668,3,3.0
9907000.0,1457,3,3.0
8309000.0,1222,2,2.0
4200000.0,700,1,1.0
4974000.0,829,2,2.0
7800000.0,1300,3,3.0
6858000.0,1143,3,3.0
5814000.0,969,2,2.0
4710000.0,785,2,2.0
3926000.0,818,2,2.0
7359999.999999999,1269,3,3.0
6906999.999999999,1191,3,3.0
6206000.0,1070,2,2.0
5771000.0,995,2,2.0
5585000.0,963,2,2.0
5185000.0,894,2,2.0
4756000.0,820,2,2.0
7840000.000000001,1400,3,3.0
7280000.0,1300,3,3.0
6658000.0,1189,3,3.0
5734000.0,1024,2,2.0
5398000.0,964,2,2.0
4625000.0,826,2,2.0
4396000.0,785,2,2.0
8562000.0,1427,3,3.0
7902000.0,1317,3,3.0
7523999.999999999,1254,3,3.0
6695999.999999999,1116,3,3.0
6000000.0,1000,2,2.0
5430000.0,905,2,2.0
5316000.0,886,2,2.0
5010000.0,835,2,2.0
4506000.0,751,2,2.0
12400000.0,1537,3,1.0
11700000.0,1455,3,3.0
12300000.0,1530,3,3.0
5832000.0,1215,3,3.0
4560000.0,950,2,2.0
4032000.0,840,2,2.0
3768000.0,785,2,2.0
3360000.0,700,2,2.0
7191000.0,1383,3,3.0
6063000.0,1166,3,3.0
5101000.0,981,2,2.0
4841000.0,931,2,2.0
4425000.0,851,2,2.0
4160000.0,800,2,2.0
6345000.0,1269,3,3.0
5920000.0,1184,3,3.0
5500000.0,1100,3,3.0
4820000.0,964,2,2.0
4500000.0,900,2,2.0
5040000.0,900,2,2.0
4800000.0,1200,3,3.0
3772000.0,943,2,2.0
3524000.0,881,2,2.0
4060000.0,812,2,2.0
9120000.0,1900,3,3.0
7828000.0,1631,3,3.0
7142000.0,1488,3,3.0
6715000.000000001,1399,3,3.0
4881000.0,1017,2,2.0
4752000.0,990,2,2.0
6561000.0,1238,3,3.0
6185000.0,1167,3,3.0
4881000.0,921,2,2.0
4664000.0,880,2,2.0
5983000.0,1108,3,3.0
5896000.0,1092,3,3.0
2835000.0,525,1,1.0
3000000.0,850,2,2.0
2690000.0,700,2,2.0
2700000.0,700,2,2.0
2580000.0,700,2,2.0
2600000.0,700,2,2.0
2300000.0,600,2,2.0
11400000.0,1342,3,1.0
7233000.0,851,2,1.0
12600000.0,1489,3,1.0
8304000.000000001,977,2,1.0
8015000.000000001,943,2,1.0
3363000.0000000005,885,2,1.0
3540999.9999999995,932,2,1.0
3347000.0,881,2,1.0
2717000.0,715,2,1.0
5106000.0,690,2,2.0
13200000.0,1266,3,3.0
10200000.0,980,2,2.0
9120000.0,1200,3,3.0
5550000.0,750,2,2.0
8810000.0,881,2,2.0
8700000.0,870,2,2.0
8550000.0,900,2,2.0
8170000.0,860,2,2.0
3900000.0,937,2,2.0
9900000.0,1560,3,3.0
33000000.0,4724,4,1.0
4600000.0,1006,2,2.0
4612000.0,1006,2,2.0
3700000.0,574,1,1.0
8000000.0,1527,3,2.0
6500000.0,1002,2,2.0
8000000.0,1753,3,2.0
6000000.0,1340,2,2.0
5300000.0,974,2,2.0
3000000.0,612,2,2.0
6600000.0,1366,3,2.0
4700000.0,1073,2,2.0
9500000.0,1371,3,2.0
4200000.0,591,2,1.0
8000000.0,1237,2,2.0
2800000.0,730,2,2.0
3200000.0,849,2,2.0
5500000.0,1286,3,2.0
3300000.0,885,3,3.0
7000000.0,1148,2,2.0
6800000.0,1024,2,2.0
17000000.0,2616,4,3.0
4200000.0,979,2,2.0
4600000.0,1262,3,2.0
8500000.0,1234,2,2.0
10300000.0,1469,3,3.0
6600000.0,950,2,2.0
2900000.0,576,1,1.0
4100000.0,855,2,2.0
7000000.0,1080,2,2.0
7554000.000000001,1545,2,2.0
7734999.999999999,1645,3,2.0
2000000.0,570,1,1.0
5300000.0,1012,2,2.0
4000000.0,588,2,1.0
8500000.0,1337,3,3.0
5600000.0,913,2,2.0
5100000.0,1225,3,2.0
4800000.0,832,2,2.0
6400000.0,959,2,2.0
7000000.0,1370,3,2.0
4000000.0,930,2,2.0
2600000.0,571,2,2.0
3500000.0,994,2,2.0
9700000.0,1598,3,2.0
8000000.0,1156,2,2.0
2300000.0,620,1,1.0
1600000.0,480,1,1.0
6800000.0,1024,2,2.0
4000000.0,588,1,1.0
4456000.0,918,3,1.0
4312000.0,888,2,1.0
3777000.0000000005,778,2,1.0
3218000.0,663,2,1.0
8500000.0,1300,2,2.0
2200000.0,600,1,2.0
2800000.0,850,2,2.0
3621000.0,1050,2,1.0
3428000.0,994,2,1.0
4352000.0,1262,3,3.0
4604000.0,1335,3,1.0
10000000.0,1188,3,1.0
8466000.0,996,2,1.0
6164000.0,1045,2,1.0
7550000.0,1280,3,1.0
21400000.0,1935,3,3.0
40500000.0,3654,4,1.0
20200000.0,1820,3,1.0
41500000.0,3746,4,1.0
19900000.0,1793,3,2.0
21400000.0,1930,3,1.0
2600000.0,700,2,2.0
2700000.0,725,2,2.0
6000000.0,1500,3,2.0
6200000.0,1433,3,2.0
5700000.0,1478,3,2.0
2950000.0,623,1,1.0
8600000.0,1927,3,3.0
7800000.0,1706,3,3.0
5900000.0,1437,2,2.0
8700000.0,1991,3,3.0
7523999.999999999,1254,3,1.0
5430000.0,905,2,1.0
8562000.0,1427,3,1.0
5286000.0,881,2,1.0
5376000.0,896,2,1.0
2303000.0,510,1,1.0
3502000.0000000005,824,2,1.0
1504000.0,338,1,1.0
3808000.0,896,3,1.0
3297999.9999999995,764,2,1.0
8400000.0,1471,3,1.0
12000000.0,1896,4,3.0
7856000.0,1376,3,1.0
9380000.0,1643,3,1.0
3802000.0000000005,1001,2,1.0
4733000.0,1246,3,2.0
4029999.9999999995,1061,2,1.0
6620000.0,1270,2,1.0
5045000.0,1328,3,1.0
3729999.9999999995,982,2,1.0
5071000.0,1335,3,1.0
7852000.0,837,2,2.0
8600000.0,1010,2,2.0
45000000.0,3000,3,4.0
2802000.0,637,2,1.0
2961000.0,673,2,1.0
2921000.0,664,2,1.0
3062000.0,696,2,1.0
2912000.0,662,2,1.0
23000000.0,1755,3,3.0
6350000.0,1312,2,2.0
9500000.0,1564,2,3.0
6900000.0,1419,3,3.0
2585000.0,650,2,2.0
2590000.0,650,2,2.0
2650000.0,700,2,2.0
2600000.0,650,2,2.0
1800000.0,599,1,2.0
5596000.0,1142,3,1.0
3978000.0,812,2,1.0
4200000.0,762,2,2.0
7000000.0,1024,2,2.0
24400000.0,1574,3,2.0
3734000.0000000005,770,2,2.0
4219000.0,870,2,2.0
4111999.9999999995,848,2,2.0
4219000.0,870,2,2.0
3734000.0000000005,770,2,2.0
4219000.0,870,2,2.0
3734000.0000000005,770,2,2.0
4111999.9999999995,848,2,2.0
4219000.0,870,2,2.0
2500000.0,749,2,2.0
2500000.0,755,2,2.0
2890000.0,920,2,2.0
3125000.0,950,2,2.0
2500000.0,755,2,2.0
2890000.0,920,2,2.0
3125000.0,950,2,2.0
2225000.0,603,1,2.0
3450000.0,1050,2,2.0
2700000.0,812,2,2.0
1898999.9999999998,611,1,2.0
4950000.0,900,2,1.0
6490000.000000001,1180,3,1.0
5610000.0,1020,3,1.0
5115000.0,930,2,1.0
6570000.0,1096,3,2.0
8892000.0,1588,3,2.0
6200000.0,1020,2,2.0
4500000.0,700,2,2.0
4500000.0,800,2,2.0
5000000.0,1050,2,2.0
3100000.0,650,2,2.0
9000000.0,1700,3,3.0
2300000.0,500,2,2.0
3100000.0,650,2,2.0
8500000.0,1300,3,3.0
2200000.0,500,1,1.0
9000000.0,1900,3,3.0
7200000.0,1300,3,3.0
9000000.0,1700,3,3.0
2300000.0,500,2,2.0
2200000.0,500,1,1.0
2200000.0,500,2,2.0
6500000.0,1400,3,3.0
6900000.0,1000,2,2.0
17000000.0,1750,4,3.0
2680000.0,700,2,2.0
2280000.0,600,2,2.0
2675000.0,700,2,2.0
4219000.0,870,2,2.0
4044000.0,834,2,2.0
4111999.9999999995,848,2,2.0
4219000.0,870,2,2.0
3734000.0000000005,770,2,2.0
4219000.0,870,2,2.0
4219000.0,870,2,2.0
4044000.0,834,2,2.0
4111999.9999999995,848,2,2.0
3735000.0,770,2,2.0
10800000.0,1065,2,2.0
10800000.0,1065,2,2.0
10800000.0,1065,2,2.0
10800000.0,1065,2,2.0
6500000.0,638,2,1.0
7500000.0,1791,3,3.0
32000000.0,2130,3,3.0
7500000.0,1700,4,3.0
46200000.0,3850,5,1.0
26700000.0,2230,4,1.0
34500000.0,2880,4,1.0
21300000.0,1775,3,1.0
10400000.0,1329,2,2.0
5788000.0,1220,2,2.0
3734000.0000000005,770,2,2.0
4044000.0,834,2,2.0
4111999.9999999995,848,2,2.0
4219000.0,870,2,2.0
3734000.0000000005,770,2,2.0
3735000.0,770,2,2.0
4044000.0,834,2,2.0
4044000.0,834,2,2.0
4044000.0,834,2,2.0
4200000.0,800,2,2.0
32100000.0,2380,3,3.0
32300000.0,1850,3,3.0
20500000.0,1283,3,3.0
33400000.0,1860,3,3.0
29500000.0,1641,3,3.0
4600000.0,800,2,1.0
21500000.0,1930,3,3.0
9500000.0,1250,3,3.0
16900000.0,1610,3,1.0
10000000.0,956,2,1.0
8923000.0,1373,3,1.0
9793000.0,1507,3,1.0
9664000.0,1487,3,1.0
7681000.0,1182,2,1.0
6661000.0,1025,2,1.0
9709000.0,1494,3,1.0
6713000.0,1033,2,1.0
10800000.0,1674,3,1.0
7070000.0,1088,2,1.0
8351000.000000001,1285,2,1.0
7343000.000000001,1130,2,1.0
9014000.0,1387,3,1.0
7323999.999999999,1127,2,1.0
11200000.0,1737,4,1.0
9534000.0,1467,3,1.0
7350000.0,1131,2,1.0
7600000.0,1085,3,3.0
8800000.0,1062,2,2.0
7370999.999999999,1031,2,2.0
4400000.0,898,2,2.0
1938000.0,510,1,1.0
3800000.0,1000,2,1.0
2280000.0,600,1,1.0
2089999.9999999998,550,1,1.0
3040000.0,800,2,1.0
2470000.0,650,2,1.0
4560000.0,1200,2,1.0
2394000.0,630,1,1.0
34000000.0,2030,4,3.0
21900000.0,1310,3,3.0
2750000.0,800,2,2.0
2750000.0,800,2,2.0
2950000.0,800,2,2.0
3000000.0,800,2,2.0
2750000.0,750,2,2.0
2700000.0,800,2,2.0
2750000.0,750,2,2.0
2750000.0,750,2,2.0
3000000.0,800,2,2.0
3150000.0,850,2,2.0
3400000.0,900,2,2.0
